,,val_loss,loss
0,0,1.1118698300986454,3.6696410039194185
0,1,0.8382114766266545,1.1198116488307486
0,2,0.7190221908644502,0.92104136860022
0,3,0.6242902055749753,0.8027710960118082
0,4,0.5700009984335875,0.7273666383120388
0,5,0.5425040739510447,0.6738758409004936
0,6,0.5072530296635746,0.632718492890701
0,7,0.4820620448718517,0.6028324998207982
0,8,0.4609172406454979,0.5773325492933262
0,9,0.4548738724492454,0.5540386857895927
0,10,0.4404038165590446,0.5341990621228166
0,11,0.4205136761289512,0.5159606493944507
0,12,0.4073682696067641,0.5001578763486667
0,13,0.4028786785790486,0.48535796317643176
0,14,0.3918294857581848,0.47131653007878715
0,15,0.386431459664124,0.45820071078252034
0,16,0.36984461252325274,0.4464250210127872
0,17,0.358377133214415,0.4343436561834512
0,18,0.3485486196179695,0.4243201353416619
0,19,0.34816849466615124,0.41384330338365055
0,20,0.34233705395548214,0.40422338635692723
0,21,0.33179186840949976,0.3944984787118441
0,22,0.32286533695723624,0.38599239552614323
0,23,0.3151007758572771,0.3770466323936212
0,24,0.3114868330544439,0.36812734676667397
0,25,0.3022325675475774,0.36018070064641805
0,26,0.29830896819166364,0.3520118406456272
0,27,0.28833920785358974,0.3437299607211715
0,28,0.2884816974841902,0.33643190648202226
0,29,0.2789401522117295,0.3291184841026827
0,30,0.27678173190267213,0.3217020597104356
0,31,0.26707234667439766,0.3149856616910633
0,32,0.2716996118940156,0.30758709742388035
0,33,0.25763247311115267,0.3014538642502614
0,34,0.252047585618907,0.2947332396698096
0,35,0.2487308413230727,0.2881526998216033
0,36,0.24422657012645835,0.28187124608356934
0,37,0.2411726840023924,0.2752187044712872
0,38,0.23289489135366356,0.26955271357753574
0,39,0.22907851634941664,0.2636816395680803
0,40,0.22310713005476984,0.25767906821037084
0,41,0.2231040514161434,0.2525204195249625
0,42,0.21532640441004278,0.24656439672652852
0,43,0.21059417156456728,0.24138989923488427
0,44,0.20521766590367396,0.23580269981204333
0,45,0.20260154616656562,0.23060380406199876
0,46,0.20265323115980685,0.22559259915853416
0,47,0.19802485680932483,0.22024696928995152
0,48,0.19321132616456507,0.21546464381063823
0,49,0.18741683594405356,0.2109390701152472
0,50,0.1823478826895136,0.2059131755805615
0,51,0.178289153665451,0.20139021143477778
0,52,0.17610568223622045,0.19700614013630283
0,53,0.17143857208231986,0.1925987643177782
0,54,0.16977102724936208,0.18808007357425113
0,55,0.16640079564648896,0.18346208924510773
0,56,0.16261446574345012,0.17987765527921434
0,57,0.15889948208637425,0.17546239642530542
0,58,0.15640894864580315,0.17142904543338403
0,59,0.15445501153985855,0.1673196894716397
0,60,0.15029459838649908,0.16356013269532088
0,61,0.1453757954201675,0.15979574445640815
0,62,0.1437523072576288,0.15585748441804062
0,63,0.1426974386931053,0.15219777734112042
0,64,0.13671432086840052,0.14895172569157222
0,65,0.13382375914181394,0.14541954643271285
0,66,0.13285356649917923,0.14214449908226928
0,67,0.12827928847280043,0.13833700716189692
0,68,0.12591844474153566,0.135491123988177
0,69,0.12316374679651167,0.13227729736887045
0,70,0.1219739805301422,0.12889942196606366
0,71,0.11955014216929234,0.1261565477944234
0,72,0.11588818213622558,0.12308988985861186
0,73,0.11354365941926177,0.12037407282745612
0,74,0.11233014727167308,0.11762802002061754
0,75,0.10934444687930234,0.11475603656930272
0,76,0.10787157279810881,0.11200289975196169
0,77,0.10492745146081953,0.10941508811764254
0,78,0.10468777208199055,0.10700851392293356
0,79,0.10155884733634629,0.10452584438197976
0,80,0.09875750631240789,0.10215646356971157
0,81,0.09907469890387775,0.09972159969785263
0,82,0.09626604497726328,0.09727589915415273
0,83,0.09326668848545093,0.09517727942918434
0,84,0.09467283938392043,0.09305093207684709
0,85,0.09017447738958698,0.09079920821706107
0,86,0.0890360468714108,0.08890629853497045
0,87,0.08745566080209657,0.0867907161190303
0,88,0.0861316342805994,0.08492366179648028
0,89,0.08292638235931914,0.08303130397495702
0,90,0.08223539099757894,0.08119174676286434
0,91,0.08052321106489069,0.07930032020657414
0,92,0.07867291196079677,0.07756452411183827
0,93,0.07768030829470733,0.07585272541132997
0,94,0.07648964651993342,0.07416796910726088
0,95,0.0751702038965789,0.07276865663040351
0,96,0.07400224224246782,0.07092942786773332
0,97,0.07230451506713928,0.06957218038494493
0,98,0.07072397123269847,0.06795520777902492
0,99,0.06995415608283921,0.06656465031791492
0,100,0.06819445961361448,0.0651855370260129
0,101,0.06798441897105113,0.06373502133197206
0,102,0.06628845023551011,0.06246061214671617
0,103,0.06462191360190585,0.06111000946174835
0,104,0.06436799672510236,0.05993430728619376
0,105,0.06258508049208543,0.058659850745980346
0,106,0.062306795717019754,0.05751250586857118
0,107,0.06042759408210886,0.05631276993276891
0,108,0.059677456686355795,0.055196574980965515
0,109,0.05872736260515128,0.05401788960976011
0,110,0.05879482021692938,0.05291085332830849
0,111,0.05679081738949409,0.05187521918140172
0,112,0.05565781976128446,0.050891260132231796
0,113,0.05503838986084966,0.049827945681758086
0,114,0.0545956033460906,0.04902209449385514
0,115,0.05355385013768826,0.047994681847223934
0,116,0.05325372441869064,0.04714807537162133
0,117,0.051946708670097035,0.0462587091290015
0,118,0.05181723041781064,0.04542525352660725
0,119,0.05040189764035746,0.0445393028271969
0,120,0.05046291804225574,0.04367573717317562
0,121,0.04888918364209494,0.04301409898693743
0,122,0.048159838948637394,0.042194685785853905
0,123,0.04751028572690898,0.04127717967722861
0,124,0.04695612165361202,0.04059515825796274
0,125,0.046614781623990666,0.03985483374746718
0,126,0.04632116799504299,0.0391971510501933
0,127,0.044997246695563126,0.03847426302165267
0,128,0.04462732140874041,0.03784992406311984
0,129,0.04378073312011846,0.0371868764525762
0,130,0.043639618224404715,0.03661867148941025
0,131,0.043105512138070734,0.03588505306014989
0,132,0.04278118285933152,0.03525579101370199
0,133,0.04193224377673248,0.03478968411515834
0,134,0.04166863889529787,0.034260322821406355
0,135,0.04114363557232425,0.03354315006835008
0,136,0.040340304668313766,0.03317158699509668
0,137,0.03982458308412524,0.03268057729718225
0,138,0.03957733388237765,0.03196553409428337
0,139,0.038703091416893334,0.03151867574509931
0,140,0.03839761269063198,0.03100185779890016
0,141,0.03813676928798553,0.030521950646737957
0,142,0.037514622392031946,0.030022679308114936
0,143,0.037781574426613417,0.029582317462482473
0,144,0.036657944321632385,0.029040353990070572
0,145,0.036438257283911916,0.02862168686190145
0,146,0.03582344459268847,0.028262060642120102
0,147,0.03604188927729141,0.027852803522223017
0,148,0.03510216612166959,0.027364541820535725
0,149,0.03465967685571445,0.027090097679778085
0,150,0.0351214204148706,0.026631833438218223
0,151,0.03591539189219475,0.0262422980934672
0,152,0.03376690982450992,0.025920315109395933
0,153,0.033270566481087595,0.025419853501339153
0,154,0.033590383299172216,0.025164917733552762
0,155,0.032823430548600964,0.02482143015332669
0,156,0.032287550214769804,0.02443088576514914
0,157,0.03240839466085575,0.024156211890001184
0,158,0.03183713256211704,0.023887467028629542
0,159,0.03160849983982852,0.02345378855735507
0,160,0.031006003472164933,0.023169837027918135
0,161,0.031042098033751173,0.02290680441802789
0,162,0.030556524383463884,0.02255840245280711
0,163,0.030313697328855253,0.022297992501092483
0,164,0.02997429174522461,0.021952699187124246
0,165,0.02997797212650623,0.021695913406439688
0,166,0.029390001546573168,0.021454602779639936
0,167,0.029116756098317396,0.02123448860230906
0,168,0.028952010497083805,0.02094035365753996
0,169,0.028453598450410542,0.020653174711480208
0,170,0.028307254729893407,0.02043871022244794
0,171,0.028260722231541947,0.020124558191087046
0,172,0.02845856167853172,0.019872721778912198
0,173,0.02774814537226273,0.01965874049682581
0,174,0.02849127077336969,0.019449290822046484
0,175,0.027155646263378595,0.019239264053926675
0,176,0.02726057220635743,0.01895044841533627
0,177,0.027174901474138785,0.018694147443147485
0,178,0.02704803285927608,0.01852153756829211
0,179,0.026561474392713585,0.018295877521476298
0,180,0.026170223921977827,0.018074856580007133
0,181,0.026008384182975797,0.017846736672686547
0,182,0.02576427497887259,0.017710872193088343
0,183,0.02565250092832913,0.017449046859566435
0,184,0.025279395869506404,0.017325810808831756
0,185,0.0249981097216383,0.0171220541346327
0,186,0.0252915089353552,0.016945201996666093
0,187,0.025022803606658147,0.016741668608702867
0,188,0.024708599402693106,0.016523718064399544
0,189,0.02504784892051678,0.016322377632697494
0,190,0.024502596644491986,0.01619088245071222
0,191,0.024274536978288238,0.016061194124834668
0,192,0.024101006555292993,0.015868895609465056
0,193,0.023873826028237788,0.015677750405553
0,194,0.02360460270434765,0.015530086661081641
0,195,0.0235917095773913,0.015340176060329405
0,196,0.02340141407081059,0.01523157298228507
0,197,0.023149009412292188,0.015037138270584054
0,198,0.022946223407396542,0.014844269678378912
0,199,0.022996575950548565,0.014737692162472891
0,200,0.022705596123863324,0.014634660361052753
0,201,0.02251386915154645,0.014492059122195698
0,202,0.0225828031527585,0.014271547854627139
0,203,0.022210028206039532,0.014193893935036329
0,204,0.022264395555105114,0.014018622505693114
0,205,0.021957350514939265,0.013867338480100059
0,206,0.022022792440036246,0.013785095525482119
0,207,0.021576617724202538,0.013603613753466193
0,208,0.021619062591802896,0.013506381655481762
0,209,0.02138431330252751,0.013384325457990108
0,210,0.021142226905364707,0.013263756150676997
0,211,0.021449875578357668,0.013108809873903253
0,212,0.02106495894161351,0.012987139305551888
0,213,0.02101404075441983,0.012845370153767015
0,214,0.021550236033101387,0.012748672097124323
0,215,0.020635560676088474,0.012669110289842212
0,216,0.020551090872860306,0.012565694779794129
0,217,0.02040380073959017,0.012422132203350653
0,218,0.0203804855661586,0.01234467986927178
0,219,0.020105778407580748,0.012217334354044979
0,220,0.020322488879628956,0.012093529240608124
0,221,0.02042552989361615,0.012000412943119756
0,222,0.01991672177106289,0.011890328388227261
0,223,0.02010960446606422,0.011788067483405782
0,224,0.01968094078557832,0.011702969883893043
0,225,0.019716313769444455,0.011619700078951389
0,226,0.019474273940245507,0.011485452498340374
0,227,0.0193638901350093,0.011394802755602144
0,228,0.02054312197959482,0.011330448233619478
0,229,0.019206225477489344,0.011212309383108195
0,230,0.01914237832164236,0.011090722002123429
0,231,0.01912615704969526,0.011048608872104817
0,232,0.01910435799234019,0.010903974667787858
0,233,0.019019238867342764,0.010841509276449588
0,234,0.01863331876585049,0.010756576957879708
0,235,0.01856182940084065,0.01061750853605274
0,236,0.018655907447114956,0.010579962562052882
0,237,0.018487238223329552,0.010484314452820463
0,238,0.018351755786705486,0.010424512063748963
0,239,0.018412363448460114,0.010327787756950443
0,240,0.018203324828241847,0.010247359336475689
0,241,0.018193528034123295,0.010179428527444188
0,242,0.018133408565239366,0.010075436544730273
0,243,0.018163390553056314,0.010014087401460444
0,244,0.018142155792766016,0.009969959489469837
0,245,0.017794108188945085,0.009860909906425741
0,246,0.01774531536611724,0.00983403581230418
0,247,0.01765725794133588,0.00973035780834335
0,248,0.01752266742362471,0.009681737193576857
0,249,0.017408974092508772,0.009601058392547044
1,0,0.53036371381412,1.5043588384840658
1,1,0.43792813869532693,0.5846235734826788
1,2,0.35322769113949365,0.47822575282903745
1,3,0.31098684189942083,0.40345760716909995
1,4,0.30537935253140963,0.34621763951109275
1,5,0.2660315318941483,0.30036404653963156
1,6,0.21880512105420305,0.2608428746691235
1,7,0.19477128407050823,0.22560741999260642
1,8,0.17356094878001754,0.19611813177384738
1,9,0.14699386672433373,0.17291332323193978
1,10,0.1415475140798268,0.15127360888356856
1,11,0.13437676786495548,0.13307284618292545
1,12,0.13030435673415366,0.11701797067721481
1,13,0.09282317447838524,0.1028692329026235
1,14,0.08889494869362545,0.09072257898338884
1,15,0.09803883642545475,0.07921829668603352
1,16,0.07134253645471751,0.07169411398581262
1,17,0.06761041180106807,0.06374131247263617
1,18,0.058559505010179695,0.05794915722318953
1,19,0.05708496056754014,0.0530392238391461
1,20,0.061235041138280204,0.048753505416134185
1,21,0.05590483693433513,0.044796445605661886
1,22,0.05078841646757032,0.04058605607937335
1,23,0.044512009495878455,0.03827521449758677
1,24,0.0422903573791969,0.034942926798663794
1,25,0.037872674389572564,0.03312538354507069
1,26,0.035089744172366384,0.030847198051759346
1,27,0.12025565662113903,0.02939393705377339
1,28,0.03411065311781291,0.028161761709027806
1,29,0.05365926834750058,0.026669320423612843
1,30,0.0405638738952834,0.02545280069105132
1,31,0.050223254357359096,0.023076027549952347
1,32,0.03599464178378946,0.022347169492934655
1,33,0.028232118968159105,0.021910633934253666
1,34,0.028801282146587746,0.02022056984191922
1,35,0.025013938164476102,0.019514902605994842
1,36,0.027799890726217497,0.01850513262113221
1,37,0.02646779220899925,0.018956525701018342
1,38,0.04859269581037789,0.017537773953700077
1,39,0.023617348133636813,0.01708274208747038
1,40,0.025123390351683636,0.01635646433662671
1,41,0.02574266450378695,0.015422630637861203
1,42,0.022759315542179376,0.01418631770645673
1,43,0.02203758309774211,0.014574274546507384
1,44,0.027464385407752003,0.014217300201002116
1,45,0.04035308485841516,0.013668982891041907
1,46,0.019661194843978717,0.013589597688753707
1,47,0.02417266213981976,0.01399495970293413
1,48,0.021652178163525507,0.012977922843504465
1,49,0.021968438415765176,0.011513637548495083
1,50,0.029438307995132626,0.011803710521827177
1,51,0.020628328360800672,0.011282748845011653
1,52,0.017523366990935037,0.011168052475629953
1,53,0.02026152102451019,0.011616900794899972
1,54,0.0172399138196789,0.011338011242196981
1,55,0.01851696152552008,0.011058341101979815
1,56,0.0509386495563197,0.010488156027797554
1,57,0.01576500586394606,0.010952807487724009
1,58,0.016179630378710813,0.009657641843423867
1,59,0.015817497841316492,0.009897064843815702
1,60,0.04669639816498521,0.00934627133418255
1,61,0.015394531491354769,0.010233647755207183
1,62,0.015058271329978416,0.009476354592295795
1,63,0.01587467280037591,0.009241778382829836
1,64,0.022720290026788055,0.00982657532437512
1,65,0.015230856594524066,0.00891150819475052
1,66,0.016206470563126903,0.008455709607773802
1,67,0.0251350438066304,0.008211832137643649
1,68,0.016508668692314567,0.008051136629909215
1,69,0.016903590214590133,0.008289717762454343
1,70,0.014787849114996752,0.008743222070721219
1,71,0.013965333935809253,0.008090600217685387
1,72,0.013891990965443291,0.007833338143846824
1,73,0.01519332502055638,0.007663462389252885
1,74,0.013784187337557964,0.007105462659956011
1,75,0.014432885012419646,0.008048864073951988
1,76,0.015332997190247616,0.008010712554205253
1,77,0.014674251083413074,0.0073519426388900175
1,78,0.01537775491258781,0.007212568172088811
1,79,0.018018387303930784,0.007071387783465109
1,80,0.014100971399563287,0.008320788147473654
1,81,0.01435711407676119,0.007098588740559206
1,82,0.013817273926338539,0.006646186292454363
1,83,0.027142780920114424,0.006831196010334484
1,84,0.013279899507026955,0.007326183999850849
1,85,0.016016499544012134,0.006371964734877193
1,86,0.020853261319287306,0.007406359739131411
1,87,0.014076370903717474,0.006656724287186481
1,88,0.013910656886661581,0.006575568802721641
1,89,0.014643830092155875,0.005967964889675669
1,90,0.014053593238292656,0.006561834482918601
1,91,0.0326285600919148,0.006560068624356944
1,92,0.0151614245357625,0.006507256256990812
1,93,0.013063813974447731,0.007105161910427456
1,94,0.014737589914223243,0.006201044298429377
1,95,0.01307053617637586,0.006627593888184883
1,96,0.01277594840328388,0.00630995710530897
1,97,0.01778968054929684,0.005690400565799045
1,98,0.012300118911332392,0.0063238544347555044
1,99,0.031829776090060546,0.006734440141400965
1,100,0.013525563630784674,0.006173475845986877
1,101,0.022211611560853245,0.005616515655817895
1,102,0.01353161269752997,0.0061711296000985716
1,103,0.013278791498337767,0.0052675606810959445
1,104,0.012397370089230867,0.00624202369862098
1,105,0.012513686700040483,0.005620806021668426
1,106,0.014444449000757904,0.00550073493076627
1,107,0.014436344352775606,0.005158362389298938
1,108,0.015276757669933324,0.0053547662904552
1,109,0.01328754667834989,0.005366198418173593
1,110,0.013380651889836847,0.004741217828943003
1,111,0.011857889659629374,0.005484855535672858
1,112,0.011716095758189122,0.004650265047087283
1,113,0.012441444107023953,0.005301032169937529
1,114,0.012940259557676139,0.004949908672768399
1,115,0.01228050438806488,0.004724951307759981
1,116,0.014798478454608341,0.004994729291619002
1,117,0.015038371579767448,0.005484263666773099
1,118,0.012987990909499194,0.007455783753415494
1,119,0.02742200530881952,0.004941448180617553
1,120,0.017278311179556284,0.005296748491331912
1,121,0.011621731293061977,0.005719228543060664
1,122,0.021109582740685036,0.004176551007544799
1,123,0.020447729362789633,0.004756919432215473
1,124,0.018836165516834542,0.004925949790592895
1,125,0.011677173064480274,0.00504708358390317
1,126,0.012719998965636263,0.004635858114425565
1,127,0.012019188072660874,0.004969263602914972
1,128,0.013907435851107383,0.004694747859817581
1,129,0.011890986859064385,0.0039666526425264775
1,130,0.012582302065061524,0.005195300462056026
1,131,0.058268995105926626,0.004409372059866335
1,132,0.01719471473760646,0.006060466246575255
1,133,0.013232369405295461,0.00459982315183504
1,134,0.01450264214037968,0.00441578258033947
1,135,0.014217820638799903,0.005268305120033987
1,136,0.015962895927170814,0.004547711197437844
1,137,0.04293854729515578,0.005788781741426626
1,138,0.011372536623602724,0.0050250669699038
1,139,0.02814150378842072,0.00377110588097187
1,140,0.011076135138792945,0.0040198345261488804
1,141,0.011302362335616439,0.004735268220346538
1,142,0.011321502920753996,0.004460326788443814
1,143,0.012237790617816553,0.003768720804761929
1,144,0.014082609786849304,0.005025043800901363
1,145,0.014377014015989351,0.00402620041111208
1,146,0.01575486911965415,0.004194703199191085
1,147,0.012354680593010828,0.0038242005365587708
1,148,0.013105357316290511,0.004411220850457384
1,149,0.016867454339901507,0.004234813801966237
1,150,0.013354359540556159,0.0046685841295289006
1,151,0.010847744924644825,0.004327251145753793
1,152,0.011136434403399528,0.0036159912346474723
1,153,0.019535827820230587,0.0036497431604135275
1,154,0.01100310748947665,0.004178410089692304
1,155,0.011138701994027117,0.0033502212155986865
1,156,0.01190871207750049,0.004898926257473604
1,157,0.011066080527976523,0.00373385418677132
1,158,0.010812265325906536,0.003398104546447808
1,159,0.011682443578585321,0.004191674694912045
1,160,0.011717367814532642,0.003734052327942732
1,161,0.017901193405607065,0.005177792444779299
1,162,0.013614373884434476,0.0033195915074542112
1,163,0.01117477110527419,0.003437930130116162
1,164,0.013128631866165422,0.004188001278898712
1,165,0.010958896547537572,0.0044635649116207135
1,166,0.011545921173956007,0.003250076721043442
1,167,0.01271139655464095,0.003089665766688816
1,168,0.010726469688649688,0.0037465033835070586
1,169,0.012809414854227322,0.0037687426972933583
1,170,0.011605751309819116,0.0031147578865931913
1,171,0.015062264247517575,0.0038755100151154093
1,172,0.012144304766994098,0.003634582280543078
1,173,0.018761235504902055,0.0032913275640276286
1,174,0.010714797127367974,0.003742525619519191
1,175,0.01230574610592623,0.0035333607652716305
1,176,0.012156095150215873,0.0051430605952577785
1,177,0.012477861578791893,0.0031611014502538723
1,178,0.010752077254792446,0.0035135922019535713
1,179,0.011652809997625978,0.0040766045277586555
1,180,0.01134461610408252,0.004274847766283179
1,181,0.010590037790223442,0.0034246452158702115
1,182,0.01164649007429043,0.0032053405671294928
1,183,0.010056765163271445,0.003011490194795471
1,184,0.011807205247706527,0.003073398465445488
1,185,0.011076312847068451,0.003969117607123359
1,186,0.01094273048787942,0.003043697860709302
1,187,0.011095817966542661,0.0030689621146858166
1,188,0.010286136093122766,0.00284627434449235
1,189,0.011272065214849457,0.003135399541374642
1,190,0.012529347138249962,0.002542303673987047
1,191,0.011177373022813662,0.0034436133345173317
1,192,0.018423179779293503,0.004074891586298206
1,193,0.010344281481129342,0.003548544975614778
1,194,0.011651894296955298,0.0035655440226734342
1,195,0.010715952609193148,0.005096133955022757
1,196,0.011481003235254823,0.004855774640616483
1,197,0.01102933968495339,0.0033901279552788566
1,198,0.010566288944370493,0.0036974313903529255
1,199,0.020142766750725034,0.004587705386826447
1,200,0.011356319500399488,0.0032844103487631856
1,201,0.013331463459530487,0.003758534297094766
1,202,0.010671162247437561,0.004458072349888341
1,203,0.010697534852867643,0.0032970288440608074
1,204,0.010301046101422292,0.0025520883231787434
1,205,0.01129109130190511,0.003623241388175413
1,206,0.011808828054353815,0.0025688736696654465
1,207,0.011053818184423622,0.0027343082600516893
1,208,0.010907123067641052,0.0025828711733734736
1,209,0.01343995644596263,0.002250864509523695
1,210,0.009900917445213117,0.003818896248637521
1,211,0.014147213000455513,0.003404970587436215
1,212,0.0107667143071263,0.0031729441648373057
1,213,0.011581988114258045,0.00322533825989631
1,214,0.010492596779881146,0.0025530589493579317
1,215,0.009841980584185993,0.0033217647294965444
1,216,0.010253342711756677,0.002738131673718918
1,217,0.010306635185654087,0.002926185854656642
1,218,0.018559516421312768,0.0024690535094392123
1,219,0.010891951375131683,0.003909376204126596
1,220,0.011099729526402622,0.0028151417131023937
1,221,0.010129858068020766,0.0052288257137749474
1,222,0.011716831490636018,0.0025095176053978405
1,223,0.010441008184490532,0.003442522368177374
1,224,0.010166085880763572,0.0032434108047756875
1,225,0.01699707463493782,0.002619904655988986
1,226,0.010791136003259955,0.0033999232278495027
1,227,0.011215092689991732,0.0025766510234475747
1,228,0.010298893638092823,0.004444239957947638
1,229,0.01222825033287403,0.002495239989348463
1,230,0.01025085121971266,0.004023873996224422
1,231,0.00991878907145758,0.002319596325209304
1,232,0.016513053059871562,0.0036090574540740684
1,233,0.010213205199734551,0.002691089369199182
1,234,0.01202746345179862,0.002126856476427837
1,235,0.023770248265982848,0.0036206894927395803
1,236,0.015095274853221888,0.0028496637738277784
1,237,0.010093876534127837,0.0037452150090538316
1,238,0.0197617532529414,0.002410411388981703
1,239,0.013095380225461986,0.004369369258921596
1,240,0.013867204463834246,0.002421119740006326
1,241,0.009802012723810934,0.0037814814086311547
1,242,0.009660118686154557,0.0023041040748594307
1,243,0.014326724503648105,0.0027784719040618304
1,244,0.012916486219415817,0.002762896064506426
1,245,0.00976174574281121,0.0030022433365671525
1,246,0.014734226389985366,0.0028545864804692305
1,247,0.010308822636662298,0.002613860883906755
1,248,0.03554747910628765,0.002724177293907593
1,249,0.009689255187911867,0.002702265611094489
2,0,0.45613496191983155,1.578041451487436
2,1,0.5241808621166962,0.514325800622164
2,2,0.3392307748641874,0.3803569277841168
2,3,0.29022953867031437,0.30620501154566376
2,4,0.17897927214946652,0.234135792376507
2,5,0.20490762968662338,0.18680575162157026
2,6,0.18061671283444747,0.15322158968314079
2,7,0.10491529113700238,0.13314487320328444
2,8,0.19377252929316366,0.1082714264854032
2,9,0.13015123509567947,0.09372550762574326
2,10,0.07337445705174812,0.07816447688332578
2,11,0.08570557656546532,0.06758535762760443
2,12,0.08910578094386115,0.06360541781809098
2,13,0.04604113786091358,0.0712150849214635
2,14,0.04384834647472269,0.05162363748934374
2,15,0.06668633826700925,0.047941580103598475
2,16,0.07180854050543507,0.04655093869692304
2,17,0.04910897561188402,0.04755014094245501
2,18,0.03764760517354669,0.042346795137231934
2,19,0.045742094828724274,0.03964438744734164
2,20,0.029738979658176158,0.03439708092408097
2,21,0.053520842190152906,0.0323086320558776
2,22,0.044599467259028865,0.03640336975829916
2,23,0.03573231194994132,0.03464349533573152
2,24,0.032579396811905754,0.027198586213269132
2,25,0.028773349831844198,0.034351812770208864
2,26,0.21244593057139166,0.03224731221481615
2,27,0.026811939896327523,0.02846583866372345
2,28,0.041160654184853505,0.025529511429640866
2,29,0.11496576241818555,0.02375553236245008
2,30,0.05037248445115066,0.03162165783869419
2,31,0.04843279321499059,0.025460835479738896
2,32,0.09178240470991933,0.027075162727200355
2,33,0.0874737748224747,0.020791169465077478
2,34,0.03429830535292038,0.03058038634148208
2,35,0.022195460471173226,0.019728312576681818
2,36,0.0319559073213286,0.02065016076240159
2,37,0.019875875386992113,0.025070022717080035
2,38,0.028160547380670538,0.02071353348756659
2,39,0.08548740249842846,0.019374672785638355
2,40,0.053005384973117284,0.020324498195183956
2,41,0.018550139794061924,0.016417500408621492
2,42,0.023337054678371976,0.029809789670551968
2,43,0.06447706432471721,0.020466695555039955
2,44,0.019579842958250656,0.020940754060113104
2,45,0.024468455357210976,0.01724132639085974
2,46,0.01893718375324322,0.02138265977451638
2,47,0.02240720234187366,0.017712352029585484
2,48,0.030233941884170026,0.014433109698833381
2,49,0.019184691480961927,0.020003209029515013
2,50,0.026793095330005796,0.018313584883547764
2,51,0.015051937299629151,0.016764218365919778
2,52,0.019058619980961818,0.0144100585421036
2,53,0.020116242362654267,0.01640082957722885
2,54,0.01885789661241576,0.013739704165135579
2,55,0.025488490791156376,0.012984756974378201
2,56,0.02027599279002603,0.01457742813887651
2,57,0.0192511972241801,0.01327297883619554
2,58,0.016172916058616097,0.016335073841774905
2,59,0.04560686160484558,0.025477404403129927
2,60,0.015336030818925702,0.01263584149437548
2,61,0.0193014846444864,0.013795422848644717
2,62,0.02994762295719438,0.02554755086846661
2,63,0.018928127886332902,0.010456749093764222
2,64,0.016392043471483174,0.011272273415660419
2,65,0.026271360804294718,0.014049095726390874
2,66,0.015536037265446972,0.011843094239637385
2,67,0.02334135606371123,0.010361096504148671
2,68,0.016559698295050065,0.013091809622247657
2,69,0.027205995389540206,0.015307430429847623
2,70,0.024523542138743283,0.011149778778355601
2,71,0.013935754694081292,0.011415005866399923
2,72,0.016427142479516602,0.01338046178285734
2,73,0.01391329698888539,0.008477695030530578
2,74,0.015542242178702589,0.010163003837153614
2,75,0.019334337247416303,0.010903198116689753
2,76,0.019129065442555056,0.009851799350616074
2,77,0.01333601998229479,0.010981128186230218
2,78,0.017270677621141442,0.008336029586125606
2,79,0.035255405383891075,0.010867456838358604
2,80,0.014955255049716664,0.011450797283143691
2,81,0.015683157171301653,0.010422825812672256
2,82,0.027229869310638588,0.01083985089475892
2,83,0.021527371739078625,0.01831793599595254
2,84,0.02109973156283348,0.015635459641689456
2,85,0.014929575142748838,0.013574336456558287
2,86,0.0481863259168094,0.008199951906290465
2,87,0.018699710581249793,0.011466593879646311
2,88,0.014124003975776029,0.009689425981735927
2,89,0.02471977827584215,0.010892655714207151
2,90,0.014616087124926116,0.01236645867565447
2,91,0.01488055266953748,0.007097560864012629
2,92,0.013867771304373083,0.008553999318827752
2,93,0.015154324816952785,0.01068520474846376
2,94,0.020845593673548674,0.009111560101579281
2,95,0.01228321273375321,0.007240704676158356
2,96,0.016306276212038076,0.013121549134692698
2,97,0.012813450051058689,0.011117915962638765
2,98,0.023466227299033714,0.006861679390237202
2,99,0.012785968283567522,0.008194198896902961
2,100,0.014216175680897506,0.010200666949886918
2,101,0.015062055707418273,0.009035262730968432
2,102,0.012829380142938327,0.008400318127033755
2,103,0.022250634409817567,0.00734086583319262
2,104,0.014781847517258428,0.012783317643481992
2,105,0.011734455752328699,0.01002487199644526
2,106,0.011984065022741632,0.008262419174418136
2,107,0.014859183101451456,0.00812265270400607
2,108,0.014137038805067833,0.0075482016522007275
2,109,0.011874620446687556,0.00975372972189778
2,110,0.012103292511161325,0.00717931570377241
2,111,0.022240647647915217,0.007558005738366929
2,112,0.014702055230736732,0.006325796633201908
2,113,0.02131760766720537,0.011527267899106197
2,114,0.01541725982145723,0.006102261324917249
2,115,0.012077505554398292,0.01021432416554657
2,116,0.022391418143739843,0.006385556302234538
2,117,0.021569462529764386,0.007867339110167256
2,118,0.01138148848242654,0.00763739225334689
2,119,0.02114679449664548,0.011807854274042207
2,120,0.012751381793816395,0.007691475132283391
2,121,0.011486085974083746,0.00803333098324959
2,122,0.012927082702150487,0.006747583665905579
2,123,0.02008803714378714,0.006741417589104745
2,124,0.011939740617727412,0.007220788867623302
2,125,0.01532694414037789,0.005833630136411547
2,126,0.01983416886825867,0.01083658964355491
2,127,0.01873274395618533,0.008037489233275692
2,128,0.01091116477501363,0.008294642120293926
2,129,0.011367673136917828,0.005803915800090942
2,130,0.011861206327789817,0.006509009045331317
2,131,0.0180824313918358,0.007719134905921719
2,132,0.012312378069119794,0.012975852281331114
2,133,0.010781511189094905,0.007494315930669425
2,134,0.010850007634775099,0.007493254459492209
2,135,0.015297828656919484,0.007025510529051413
2,136,0.010783479073695068,0.00592070130278677
2,137,0.012360637448728085,0.005798736613926183
2,138,0.010925176462589814,0.006948197652667516
2,139,0.011950848469960279,0.006686296161998153
2,140,0.01122007071237846,0.004940030229048065
2,141,0.04444301359612366,0.006437785739987981
2,142,0.01954813788970703,0.007850522831036471
2,143,0.01476155269725863,0.005953861413291322
2,144,0.023459263914838213,0.007036863977310289
2,145,0.016301479135534445,0.005585240178324354
2,146,0.014457877718022304,0.008526220403730167
2,147,0.011852946036995339,0.008911522294873951
2,148,0.010814286893224482,0.005597539131865077
2,149,0.04628449918454504,0.005865658556668803
2,150,0.010747123205933372,0.006111661582292101
2,151,0.011475994183769073,0.008234336130510254
2,152,0.011775512098715517,0.00525474585641726
2,153,0.012175150335826017,0.006537585027932571
2,154,0.01831999820441448,0.005661558936000742
2,155,0.010588577187854081,0.0070109737416208
2,156,0.015299732234384038,0.00620213787192302
2,157,0.012562092249579911,0.005614179999148497
2,158,0.012471219228369556,0.005958998589042962
2,159,0.011987712455390416,0.004056841674274653
2,160,0.022587331076120508,0.004657133044211482
2,161,0.017453822097167594,0.00571423422080728
2,162,0.028149732745486527,0.008902919511494727
2,163,0.013516177911439846,0.005028900062582198
2,164,0.01115976734719987,0.008600621814268515
2,165,0.01887985249348168,0.005372549311997127
2,166,0.01567377653890496,0.004606263546761471
2,167,0.012712905689009598,0.0060352922864726575
2,168,0.09077984188577812,0.00911676629750835
2,169,0.010635624133197252,0.012615435103885351
2,170,0.015843041872449698,0.007894668561822638
2,171,0.010448457781922788,0.005720415232158823
2,172,0.010021997718920409,0.003971110338683485
2,173,0.013724688383672625,0.007644450204163071
2,174,0.019202594998581655,0.005642115194952568
2,175,0.020907179602041033,0.0038508238338732974
2,176,0.015784141784671493,0.004676459742286623
2,177,0.011768720833942514,0.009122099977831479
2,178,0.01428328823720293,0.004415247326486459
2,179,0.014772783024374193,0.006358532204922039
2,180,0.01097106386315573,0.004056067523793085
2,181,0.024338214495792765,0.004530114821111043
2,182,0.010211044754557716,0.004087561154114479
2,183,0.010364028365062228,0.007014659938166896
2,184,0.01065259617500998,0.004171428160542185
2,185,0.014008997723900626,0.004223317170315917
2,186,0.010413294057981134,0.00587305686083704
2,187,0.010142452034897404,0.007939683719480332
2,188,0.010229838085750788,0.00615874845059106
2,189,0.019365489893946153,0.004690693791338332
2,190,0.012152640886714893,0.004446707816011803
2,191,0.013013103846552337,0.007131944640442584
2,192,0.0107397133434017,0.0048151923164585775
2,193,0.014574524842826604,0.007832689372380157
2,194,0.01843064875695212,0.006155169733000557
2,195,0.011722282979068497,0.0042317990193563035
2,196,0.011201511542748642,0.005152040647018821
2,197,0.01511221212779947,0.005217770617331004
2,198,0.01084379921552583,0.005229486989011733
2,199,0.010986277013283058,0.006437175205047159
2,200,0.014196547522700479,0.005371549647070158
2,201,0.011142634576544385,0.004853538272956366
2,202,0.014934778279565238,0.004042853164525293
2,203,0.01560395729035286,0.010323354940939831
2,204,0.01143623670847545,0.005578065588315323
2,205,0.023700153559739954,0.0038351142544370085
2,206,0.010823632946485662,0.004661635700706441
2,207,0.014054828272958108,0.004805494220463846
2,208,0.010381332168291355,0.004875726049160035
2,209,0.015549557615677124,0.005748980089313919
2,210,0.011064596470500449,0.004357567526927631
2,211,0.009725237679507198,0.005327091074745534
2,212,0.013006971011241082,0.005209075842218033
2,213,0.011056947864573724,0.0037404878372723107
2,214,0.02472363696089519,0.00503934884683758
2,215,0.010645296239280348,0.005077180204116928
2,216,0.009878451751058765,0.004929669839824589
2,217,0.010692194519848952,0.0035375655549896136
2,218,0.011253792101177823,0.005156496385893205
2,219,0.010239494334117239,0.00937803916586778
2,220,0.010869381015230281,0.003702223564633357
2,221,0.019015144042927642,0.004386737447837917
2,222,0.009968868537067339,0.0038821099134995433
2,223,0.010762225803942076,0.004318082096148808
2,224,0.009478791895795044,0.0037776807844428573
2,225,0.01058869374815026,0.004930397989338272
2,226,0.012740605627301291,0.0043053478774270106
2,227,0.01263636403666635,0.006019253549660594
2,228,0.013330385615599566,0.003097238385712507
2,229,0.01013441692413808,0.003489345968870581
2,230,0.03201839252205318,0.006371149927924357
2,231,0.013144298501569649,0.005580590115530391
2,232,0.012500355470687004,0.00680013511467509
2,233,0.00959473145951338,0.003551023278630058
2,234,0.01179986691900662,0.0037193134942189003
2,235,0.01329842887892218,0.004316172666280024
2,236,0.009653469581120266,0.0034470630546012994
2,237,0.01024021809012285,0.0038544459922622417
2,238,0.0123324927951902,0.0037790948321030746
2,239,0.012276268891733269,0.009646129465182663
2,240,0.02940340329860819,0.004727637146782606
2,241,0.009863625190179482,0.004579993760621337
2,242,0.014327409826769617,0.003191676553101754
2,243,0.014195601390720588,0.004173512285094557
2,244,0.00970159341016867,0.0032643900972276377
2,245,0.0152233215480162,0.0029180502639189858
2,246,0.011641151223129826,0.006260846611523304
2,247,0.010297995088209073,0.004516164623793423
2,248,0.027029716258345566,0.0033681026063075797
2,249,0.010548636564076534,0.005313490982907607
3,0,0.33180463901294277,9.32087818337074
3,1,0.263929386077256,0.2711858107982201
3,2,0.16709738053711765,0.1958374755253481
3,3,0.11887143489175242,0.15660200854596143
3,4,0.11920151716382632,0.13198254230910536
3,5,0.10340285618316951,0.11774902627743654
3,6,0.09633913082735879,0.09670630397018008
3,7,0.09288558980514264,0.0888347946417032
3,8,0.08080037954111992,0.08225109436348073
3,9,0.08500695871602139,0.07927364502169035
3,10,0.14378924907134671,0.07502123119740561
3,11,0.06314291379281453,0.08092368078107953
3,12,0.10634400813743985,0.07194343910745134
3,13,0.05418605913816414,0.06114096953287499
3,14,0.1136332177763502,0.05587045561738232
3,15,0.05444303635746387,0.0495926439303383
3,16,0.05132984910252059,0.05593903522160556
3,17,0.04267741114341567,0.05661706542161381
3,18,0.05299582313287434,0.05155626982068208
3,19,0.04431549031012164,0.04571499844096513
3,20,0.10224662875307017,0.0456231950945185
3,21,0.05808477270338923,0.041072782006338356
3,22,0.05081353720112387,0.042771557767446865
3,23,0.056620954322110256,0.03665817839066269
3,24,0.0348000905196655,0.040319804189150425
3,25,0.06970505046066393,0.033027544455185125
3,26,0.04112344696163544,0.04102004284011425
3,27,0.04944800150218268,0.044371508640653354
3,28,0.06419559547613407,0.030015778838976524
3,29,0.09339269131715662,0.03236206175272987
3,30,0.07072494953430344,0.03427898807669982
3,31,0.035054714082203474,0.03129804642109335
3,32,0.02820824874298913,0.03360952609254495
3,33,0.047935356647510245,0.0271195346171303
3,34,0.029577919455437824,0.031157766325373475
3,35,0.03154367643036866,0.02711433500907799
3,36,0.05699193360917087,0.025861043429117804
3,37,0.03992831604968151,0.026139470513025082
3,38,0.033825947153450824,0.025708242553191162
3,39,0.0947488519101601,0.02678116278396991
3,40,0.025366369539440558,0.02716256398315794
3,41,0.03438472161665926,0.025677161803684092
3,42,0.07960125563179918,0.021859092680138158
3,43,0.02666756804353498,0.02242431825417748
3,44,0.02743917374224792,0.023149159996401904
3,45,0.025910220071306368,0.02402810649912883
3,46,0.040535021004418435,0.03300118671167258
3,47,0.027047407950086547,0.01927194271333183
3,48,0.024556097094648576,0.02563404676725676
3,49,0.030402970530569846,0.023567962526449368
3,50,0.03835112388094364,0.021497558537639367
3,51,0.02556023149581378,0.02102238572398062
3,52,0.03147311030240188,0.021790271447355042
3,53,0.02780701779746657,0.020200908860968682
3,54,0.023215455238895462,0.018974218239817577
3,55,0.11923576248396793,0.018936709982040542
3,56,0.02132986049933974,0.032662959055083415
3,57,0.02181845003638068,0.017347476343452746
3,58,0.024017984075058858,0.018861675326673724
3,59,0.03861726971499145,0.02149043783713696
3,60,0.04461894375937325,0.01926838456284639
3,61,0.03375233086972988,0.01849981327433657
3,62,0.02700956399217615,0.01803190072672513
3,63,0.01984896259428245,0.017760347577434065
3,64,0.01986719412096028,0.01655362577441833
3,65,0.023089238406695755,0.01628411469743107
3,66,0.02225982961176064,0.015332434086722555
3,67,0.022914062847791634,0.02078782920211959
3,68,0.022572919704350346,0.015393613397180575
3,69,0.021996959961326838,0.02062694018132308
3,70,0.018597376887948054,0.018352650074319788
3,71,0.03892972236636824,0.0168891556297222
3,72,0.01787670162584394,0.018425038623207345
3,73,0.0398800989163333,0.017795114528833138
3,74,0.03772674293573854,0.02018841466096623
3,75,0.02409519214054634,0.014996876625803846
3,76,0.026180644327857223,0.019206875119704262
3,77,0.028501776567307013,0.017207301379477232
3,78,0.034665050493378945,0.016060977364928983
3,79,0.018370083936035928,0.01570709102666182
3,80,0.025029753847735856,0.013954167434608342
3,81,0.01795778420244532,0.01889301185071346
3,82,0.0217892415940835,0.01736704653454873
3,83,0.03846078482754712,0.013920305939959892
3,84,0.01744975395904386,0.017881756124080467
3,85,0.03820667235281667,0.013645309908243862
3,86,0.03574060941381114,0.013864872274321125
3,87,0.019125879409131158,0.01600348273633366
3,88,0.14490836413182648,0.01571027483311355
3,89,0.020240474092255673,0.012476085373924414
3,90,0.0218784533367662,0.012066850483966078
3,91,0.021317988210197154,0.015008009089517282
3,92,0.03172586080365874,0.01737589343881503
3,93,0.01903097796726403,0.02144928281747374
3,94,0.01810941110947743,0.01189194749644157
3,95,0.015387553780390124,0.011073555551152036
3,96,0.018298625593702194,0.011962230227172773
3,97,0.04847025637482775,0.015865997843570498
3,98,0.017170515056387545,0.013644322366518217
3,99,0.029572706060309716,0.012414240182256503
3,100,0.026388555475203274,0.013100768504936675
3,101,0.019224467429474656,0.014141788079344566
3,102,0.06783909615624714,0.009968950131142549
3,103,0.016431897588698147,0.012709705869721229
3,104,0.019728358715699224,0.016448395973546436
3,105,0.023029674945646905,0.017805680945867326
3,106,0.01896793820661277,0.013076245998930265
3,107,0.016058850569164226,0.010436782018621268
3,108,0.015421310028639333,0.017221807761489582
3,109,0.016245314889940722,0.012300110985694588
3,110,0.017139587848644538,0.010927274877758837
3,111,0.014728828121362062,0.011560344018602123
3,112,0.02956263365893822,0.009227404876274289
3,113,0.028213312510823086,0.011600811179324013
3,114,0.017517367862348487,0.011450898064909194
3,115,0.01762019882318128,0.011818350031169149
3,116,0.018509215118335972,0.011336017766916765
3,117,0.014786274736664565,0.008853399510681247
3,118,0.020291158233957336,0.013519476409170063
3,119,0.016891583191056558,0.01405837762825623
3,120,0.028964579166853664,0.012117949071382791
3,121,0.10990658455294341,0.014959106376808444
3,122,0.014103938138176656,0.012041883579258922
3,123,0.027962226593142073,0.00937551119641471
3,124,0.015043330365067045,0.011980055522588413
3,125,0.016958423584626226,0.013063641541994431
3,126,0.014015953859378552,0.009992998911582961
3,127,0.015434770269567155,0.009180231714929874
3,128,0.035888883853193575,0.010756287051258697
3,129,0.014876696053580404,0.014381073819728555
3,130,0.02198682604862258,0.009723401864681904
3,131,0.01789719521669038,0.013852290376607977
3,132,0.01572663694473323,0.010772671465312305
3,133,0.017089034380216903,0.011433855969632754
3,134,0.019544029801056302,0.020984267024729514
3,135,0.015874028024194863,0.00798323832437006
3,136,0.034124968591802224,0.008955551981887737
3,137,0.016181456341678873,0.009638358182486447
3,138,0.015699796955757246,0.008360726566265613
3,139,0.016225840566046718,0.008108812398499421
3,140,0.028020091169499998,0.010781209191270154
3,141,0.015823220443255796,0.009090737954762623
3,142,0.02551552618445434,0.008366891356417312
3,143,0.018947568977150716,0.009566259286674613
3,144,0.024929277545639447,0.007508403898860443
3,145,0.01697768082319222,0.012042634917342851
3,146,0.01604071360246595,0.01051167571423083
3,147,0.02477542343985271,0.012201018412795783
3,148,0.014286365198531175,0.010463947019645616
3,149,0.015811119063440803,0.009556010350959616
3,150,0.017468708076427135,0.008580683994218286
3,151,0.024447365044593224,0.008924430777333589
3,152,0.014881418088423502,0.009791041922260013
3,153,0.014148961746230208,0.00801991611994371
3,154,0.01581123518789637,0.009745950379832745
3,155,0.01786057722520799,0.007732883758800895
3,156,0.01902577787490901,0.009076689576406153
3,157,0.01457070498887835,0.012984318107919907
3,158,0.016218480933916393,0.008074427655434046
3,159,0.052341097160219556,0.008014618009787575
3,160,0.013190055203628658,0.00823403554125137
3,161,0.014628791361313148,0.008701020443841639
3,162,0.013337624491435553,0.009237357055297215
3,163,0.013457269819792856,0.007823206487184858
3,164,0.018046701914204166,0.009711662812369673
3,165,0.018083287669079646,0.007571273050980576
3,166,0.014677487417431594,0.008238723509113045
3,167,0.03222243920188819,0.009302379365383494
3,168,0.015518118175012724,0.008728455277919586
3,169,0.016796277520324795,0.009830446744394063
3,170,0.02123736590697554,0.022766916434915633
3,171,0.02081114653442881,0.010696108186337476
3,172,0.016567461873436797,0.009484477046917284
3,173,0.02487702677255781,0.007494528771972063
3,174,0.014362911557035493,0.008673647401224595
3,175,0.012478374043855761,0.006511702516970114
3,176,0.01532525511302531,0.008754486119562904
3,177,0.013049811787279368,0.0076863551464814855
3,178,0.01391107917309101,0.009137157885870944
3,179,0.018456039333651805,0.011434396149054468
3,180,0.02908232563675331,0.0098725857217918
3,181,0.026274465622719873,0.00651805813067338
3,182,0.09255398416460442,0.008362893004824774
3,183,0.020449651821787134,0.01441994994800402
3,184,0.016096158822989228,0.007243807989341317
3,185,0.013927439135944315,0.007124469933286882
3,186,0.012043103920708736,0.008168573726244317
3,187,0.015122339217533618,0.006867409001399365
3,188,0.013289545142445071,0.00723775863258494
3,189,0.041219276347624255,0.0062764717370134065
3,190,0.011672472041742555,0.00946421483725122
3,191,0.048608042536477734,0.009296197524860984
3,192,0.011258970640526323,0.007822145877325723
3,193,0.05527676487791127,0.009609695889434184
3,194,0.012546945005435075,0.007749506394752039
3,195,0.04792169609056612,0.007022261263667895
3,196,0.013361553567475433,0.007225774038628913
3,197,0.01190884004489248,0.0063292409291681095
3,198,0.012738157604164971,0.008497698956325444
3,199,0.015566379736576761,0.0066402300990393535
3,200,0.012332758094583238,0.006885225034718822
3,201,0.012162286659766888,0.009937167167806928
3,202,0.012834969575842613,0.006612529230230952
3,203,0.013310883124473647,0.006407314473490736
3,204,0.01687367989732127,0.007302065217832133
3,205,0.023960572235249535,0.006600245192318222
3,206,0.012445317023419982,0.010760460649614627
3,207,0.012665159101116246,0.007176516329073536
3,208,0.013356857673434789,0.005510206868787945
3,209,0.012073286632855831,0.008814119383321932
3,210,0.011709130707706137,0.007735504025689925
3,211,0.011964544607096998,0.0057113380025615446
3,212,0.013792004257330459,0.006256034411394394
3,213,0.01221798438156767,0.008206540870510344
3,214,0.026896159556405296,0.008880542293993737
3,215,0.03195054917206318,0.01043991130198987
3,216,0.015750704417601596,0.008323022590547785
3,217,0.01575827694915492,0.006241185221106211
3,218,0.013345408525886794,0.008462772111462409
3,219,0.013784495623681345,0.0075029183827099765
3,220,0.03541129677386707,0.005441054746531535
3,221,0.017046464568582075,0.005977604239835012
3,222,0.01276069875402844,0.007264414984133647
3,223,0.016287410161985552,0.005309274017795531
3,224,0.012963694579936014,0.005933809379835338
3,225,0.012201359988249874,0.006851083795879784
3,226,0.011902277353288505,0.006046642453049913
3,227,0.014212575560353073,0.005840929180265176
3,228,0.02028386627915751,0.008217181893817703
3,229,0.01212089896257141,0.006111919238500148
3,230,0.01620077070564472,0.006854733736137202
3,231,0.015262146240898541,0.005655798553443754
3,232,0.011760381166937903,0.00571862172140425
3,233,0.012237065009258944,0.008129134615563074
3,234,0.019114331526709306,0.0074680676584869335
3,235,0.02000572074369844,0.006806397006458475
3,236,0.010857223370685953,0.006098113244465371
3,237,0.014263832343402755,0.0066589673347446235
3,238,0.01151415560339472,0.0055859977741887735
3,239,0.011966279626186259,0.006020262829286585
3,240,0.013006676098542847,0.006573173838305364
3,241,0.013699723080975081,0.004528319136478034
3,242,0.011445167772655416,0.006236961582343951
3,243,0.01257984602429303,0.006530871821052298
3,244,0.011319732555908523,0.00511549354082651
3,245,0.012488347497479669,0.015229421419417891
3,246,0.014535839908889361,0.00577709795343281
3,247,0.012083482068821127,0.005464622832016648
3,248,0.015250878803101666,0.0054601719416104534
3,249,0.010709422062440166,0.008328222673029862
4,0,38.315172419054754,20149.93436342634
4,1,23.19867767935316,29.29519838300835
4,2,22.04668109311259,18.20724322190341
4,3,16.826339825033553,17.00663264173309
4,4,54.42391301798703,23.676051648816674
4,5,8.426271591750272,13.019273716147097
4,6,9.46617918907128,6.758545210130279
4,7,6.721024379824183,6.567948518966393
4,8,12.926533399309431,10.672792654296812
4,9,6.720196628100767,10.52221229701485
4,10,7.831201166237516,5.6126011494185875
4,11,8.238657411096131,8.790215189900993
4,12,4.404318408308358,4.871224890151594
4,13,8.881040969623134,5.516429739453476
4,14,8.54042560220352,3.3963682514511664
4,15,5.832635596702839,4.207611280591014
4,16,4.3727955390667095,4.268196842400094
4,17,3.671092189356611,3.888848377264971
4,18,5.454975379511641,2.5549284892916497
4,19,5.4671207653477865,2.7342519051604177
4,20,5.804514217846499,3.4346100801440493
4,21,3.9500907686543583,2.709747404902944
4,22,2.9630899264894683,2.793435039490905
4,23,3.0909131078297283,2.316712675356388
4,24,2.6227506891260006,2.0411089271750433
4,25,6.80353587765999,2.1459057470784546
4,26,3.3466044407172744,2.1422895835692484
4,27,2.6718367454453644,2.3062157331337496
4,28,3.8399726867675783,2.031056056321126
4,29,2.5432104223467444,1.647121003421531
4,30,11.731082538548362,1.755846071267752
4,31,4.1476483584624795,1.863175743295328
4,32,2.419873410022905,2.3371034296186477
4,33,2.194029938646138,1.658204467465414
4,34,3.026173759798698,1.5969351879568086
4,35,2.3281761780160988,2.2259782823126644
4,36,2.504629359221811,1.8063208843635374
4,37,3.407496701320404,1.4913589846482334
4,38,4.8450102411467455,1.5115222403426976
4,39,2.168959923448234,1.5976970183537396
4,40,2.546088467677826,1.2759167634138027
4,41,1.9640970760965581,1.562568330462007
4,42,2.3914747003264027,2.1084378040405714
4,43,3.9865591791463015,1.1865816472309438
4,44,2.0971896986656002,2.4981773517265142
4,45,2.2186675564996126,0.9881659218933474
4,46,5.737908613740517,0.929528181292327
4,47,1.879896034278306,1.6076028995235008
4,48,8.185218825128866,1.124513919638511
4,49,1.9187296702944,2.0389120355883033
4,50,2.0225434371403286,1.5568812593305459
4,51,1.779045585106159,0.9900043585075361
4,52,2.2618280218152576,4.326593019070534
4,53,1.838789176940918,0.8424749179550658
4,54,2.5275397608432866,1.065313921407775
4,55,2.0192944550161878,1.3705058418523965
4,56,2.217397802334114,0.770680398706169
4,57,1.7041908015171294,0.9596748313700743
4,58,1.6059046465775062,0.8697106782046876
4,59,1.5895697095711243,0.9642510503239972
4,60,7.395410988718418,1.407181352196503
4,61,2.8207361817947163,0.8600526471086622
4,62,2.1614431677193475,2.9455121762205723
4,63,1.6892394514506675,1.098369205331362
4,64,1.5636145387377058,0.8438603839365381
4,65,1.5768681979531725,1.2540954695046407
4,66,1.4984435095575643,0.8875551172193348
4,67,1.6817305440385941,0.8396565776993031
4,68,1.5756879498805907,1.2358395032114466
4,69,1.4745523044041224,1.7104493279772701
4,70,1.4391620586658347,0.8497621007030471
4,71,1.9685533983954069,0.8940638618569547
4,72,1.90400768148488,0.7322047063972841
4,73,1.5096005759215707,0.7638512448936685
4,74,1.7684650040612433,1.392874391945036
4,75,1.4694501324827447,0.8347194702947
4,76,1.919297005037956,0.639540292716381
4,77,3.0400415923207853,0.9353953885077941
4,78,1.5662990086184347,0.9270254214370233
4,79,1.3302848639746605,0.6631912320684078
4,80,1.3625081292514143,1.1650443277706422
4,81,1.3682999314932989,0.6439168276451623
4,82,1.4132609261667788,1.040739745198304
4,83,2.064330687781273,0.8411246398646383
4,84,1.447282855498967,0.7409139228209647
4,85,1.355313937182497,0.7001658703132188
4,86,1.324130979782255,1.0227128827431191
4,87,1.4644251520410547,0.6169604679692886
4,88,1.3457903227782602,0.6662286982834797
4,89,1.4244479369647398,0.6777862035598188
4,90,1.4130863062853884,0.9235216193287235
4,91,1.7912263386355245,0.9654463155628046
4,92,1.3874698634218112,0.661146402037896
4,93,1.470260311230063,0.7220645975552809
4,94,2.402007592487805,0.7779386696661357
4,95,1.8863791061739617,0.6829829921228204
4,96,1.3386222031316146,0.8028873713949878
4,97,2.3412578390149648,0.645230767811305
4,98,2.2287887774077544,0.6430540345154279
4,99,1.2693316757972604,0.6827240872896898
4,100,1.2359315524547558,0.7225058846439442
4,101,2.963152078102375,0.5709100299642416
4,102,1.3313448678096527,0.7634807192343452
4,103,1.4838554105147939,0.9911301937300221
4,104,3.66261809447716,0.7729402043013281
4,105,2.3216179399067545,0.7363575731380712
4,106,1.7608657362425857,0.5938650366952934
4,107,3.1726090330208465,0.5642040515080545
4,108,1.4214674592605365,0.5922445575538937
4,109,1.2302248770380255,0.5616579394024908
4,110,1.2346801475938318,0.8438675507360266
4,111,1.1983800343104771,0.6712373916982932
4,112,2.3538604581297324,0.5481489990355725
4,113,1.721619210924421,0.6935798968334208
4,114,1.493310639071347,0.6703133215838178
4,115,1.9336342118643775,0.8009655905968719
4,116,2.479281165212246,0.6852185203516526
4,117,1.172294773374285,0.5611208026503343
4,118,1.4480445159479902,3.1845163629078264
4,119,2.2379895276036756,0.6867426183604166
4,120,1.1888729205859705,1.0433751713073578
4,121,1.388050440731894,0.599589818798621
4,122,1.8240233819472966,0.6847676812960222
4,123,1.346338545277788,0.5726237239808287
4,124,1.1968741485050747,0.5218335728054477
4,125,1.1373276109178665,0.5151661314769792
4,126,1.166078817198429,0.47872397925316706
4,127,8.895068491855866,0.7720076619447226
4,128,1.1439466844051343,0.6795040708465292
4,129,2.4033555885841107,0.4611593098319941
4,130,1.264282679910143,0.6552104080377816
4,131,1.3132637847233288,0.6262802379353956
4,132,1.6730113868055672,0.6715248285409058
4,133,1.1317989349365234,0.8705780542802052
4,134,6.486738101602188,0.668954836557681
4,135,1.1759986602614079,0.7867527441344792
4,136,3.233241381433797,0.5215401643480992
4,137,1.7680015239809534,0.5286707629907921
4,138,1.2849885160699854,0.9958681216112707
4,139,1.241040325164795,1.6585433267886482
4,140,1.9701441149406245,0.7953079863717581
4,141,1.26415115177925,0.5280093437405718
4,142,1.1577461045363853,0.5546200966302892
4,143,1.26601055807668,0.5831356736009949
4,144,1.1001919635998205,0.9986963092026924
4,145,1.161757990409588,0.45099339185463216
4,146,1.497355058040525,0.721927278028995
4,147,1.0708338520209777,0.6901434041280634
4,148,1.071852075642553,0.406241337552078
4,149,1.339070333048628,0.4025332425223552
4,150,1.0938341751474465,0.8837962360673223
4,151,2.0273073478285313,0.484874515425798
4,152,1.4774686510339747,0.47762270127889006
4,153,4.164843589331716,0.6389378136888781
4,154,1.5551865890108305,0.5766356798243437
4,155,2.8064637632792806,0.6044237379051588
4,156,1.130988382705914,0.4199386093908851
4,157,1.0689523224760158,0.7163380317959558
4,158,1.0383292987428863,0.7251573702718981
4,159,1.4638018446015606,0.4714133038405824
4,160,1.0746457029446006,0.7169755842209841
4,161,1.3266088645446477,0.9169359407191279
4,162,1.0227608151036531,0.5454979696232212
4,163,1.1551457945349182,0.5929389068932335
4,164,1.119429387247621,0.5449979475120693
4,165,1.118918509318911,0.5404850970542755
4,166,1.8025239859895754,0.532436560630309
4,167,1.9754000041285171,0.5587061392031553
4,168,1.3872389337699402,0.9762601819082429
4,169,1.0436715348013517,0.5727384778216534
4,170,1.2445950048897654,0.4967680045431733
4,171,1.3791261210230183,0.4424671799235004
4,172,1.2168557310339265,0.4441805040059547
4,173,1.0756362842221565,0.4681933441181682
4,174,1.255874377753347,0.5471597766558166
4,175,1.0326311390975427,0.4116779926787773
4,176,1.0299091825344293,0.44767245007454276
4,177,1.0142238587581465,0.4873769797977268
4,178,1.0693989741978387,0.5139301699451938
4,179,1.0567168024373172,0.45638861528967145
4,180,1.3066248623608367,0.5225705686901214
4,181,1.1885066107576117,0.5261697481570334
4,182,2.3097129328497523,0.6840069804208715
4,183,1.0932073729378837,0.4277498175756573
4,184,1.0268703376131105,0.3992491314263146
4,185,2.633643406365305,0.53013054960015
4,186,1.3526093344383052,0.4837305312893096
4,187,1.199814853527276,0.3680658644242064
4,188,1.0061532868540346,0.4445362972411943
4,189,1.0964983592479687,0.46979439283041174
4,190,1.257832302131089,0.4091796450917081
4,191,1.1564114147806404,0.8588993832598961
4,192,5.52861456471711,0.5849334683768134
4,193,0.9479233617265823,0.4935778684849125
4,194,0.9675461797291423,0.6231877270694144
4,195,0.9562046265954455,0.6047448699262706
4,196,1.0072728849984154,0.4700379472258398
4,197,0.9775344927322689,0.5011025607799983
4,198,0.9610501395070494,0.3806069343074155
4,199,1.4006526225893368,0.4138978441046592
4,200,1.087398949280161,0.42680644429665826
4,201,1.182644958918905,0.5312276188932118
4,202,1.1883953371658702,0.7442789818978787
4,203,0.9502099443539023,0.39161018544034876
4,204,1.1555742315470878,0.42606948685376933
4,205,1.0050205296483534,0.5492266539734654
4,206,2.271621632223646,0.452302456556558
4,207,1.0061600248214646,0.4245047799436296
4,208,1.2818573646357494,0.5135377326489963
4,209,0.9950189216970811,0.38540558055188484
4,210,0.9655186662533013,0.4908039715303526
4,211,0.9748465482824542,0.39498776461357576
4,212,0.9948669823519702,0.5060165104773058
4,213,1.0596840717522382,1.0682159008522287
4,214,0.9808647421193241,0.5213760085415388
4,215,1.0868962513402178,0.41605044341564423
4,216,1.0076853000471744,0.3901912059201039
4,217,0.9226865082538774,0.8173786847025019
4,218,0.9498888009874692,0.47745078939116875
4,219,1.3175946273239962,0.4903827122751415
4,220,0.9670898540853867,0.37006213798805526
4,221,0.9007942153902476,0.3987646581944348
4,222,1.1225125622866776,0.4636018700542176
4,223,2.062254344301271,0.5405449607116617
4,224,0.9931243501860519,0.3929149715012927
4,225,1.4266112712803733,3.386154239583835
4,226,0.9677508504519909,0.8027438736270794
4,227,0.8886707470334809,0.4263380075858886
4,228,0.8774058904553869,0.4152695902834922
4,229,1.1713464408085263,0.42273481167420907
4,230,0.8996969870158604,0.597896329674004
4,231,14.65176276596896,0.41877286596870716
4,232,0.9595876386012937,0.797817259874021
4,233,1.1962307732680748,0.5076670061569448
4,234,0.9173267086151198,0.6211208718351489
4,235,1.4618384997832952,0.5609287419522219
4,236,1.1043840915698724,0.47276703878021537
4,237,1.1212403389033425,0.42612955869314545
4,238,0.9638611225071799,0.4459470047560516
4,239,0.8712135990264968,0.7641315431121437
4,240,1.2133848014136253,0.9210354257847114
4,241,1.142137301261789,0.38553759551708855
4,242,0.9297015955882707,0.5109475901672448
4,243,0.9891022964064123,0.41427559732106356
4,244,0.9151819184495897,0.4555069207548789
4,245,1.112188312455351,0.3598927424099581
4,246,1.1638908304017166,0.399902025423275
4,247,0.8917473517027982,0.5131677603709386
4,248,0.8885605135574717,0.391921076901819
4,249,0.8745954007350752,0.39226209430235237
5,0,0.5679048066655991,30.460400893466176
5,1,0.3729152749911905,0.6881525005940721
5,2,0.41108924356000176,0.2900756887774274
5,3,0.5047401295506896,0.3372739937425944
5,4,0.27646136010808897,0.24643261061686011
5,5,0.13712440710056004,0.2111052986534514
5,6,0.2183301177518121,0.21476754886544994
5,7,0.10895292651770737,0.29014408469521247
5,8,0.13712275425348375,0.27416327278114944
5,9,0.10530102004852201,0.18199296399431084
5,10,0.1375739011418056,0.13695255860938604
5,11,0.14304059931797347,0.1871528673662841
5,12,0.1262315405413435,0.1303846252398836
5,13,0.0936006842575637,0.19132516869425528
5,14,0.1004478134104771,0.12732845340984916
5,15,0.20220954494523297,0.09038077227392828
5,16,0.1688402236095203,0.14264410729742222
5,17,0.09194987266521736,0.13726495545588743
5,18,0.1825053129583744,0.11445622012791357
5,19,0.10303390362286215,0.20994143735038248
5,20,0.07919748770485958,0.11837292859735031
5,21,0.09380351538434992,0.13850595010525757
5,22,0.08265049138239451,0.09419369117723345
5,23,0.16250017173771789,0.09942732356859514
5,24,0.16607045184802538,0.09375397877671157
5,25,0.11279981487196654,0.07707467836224158
5,26,0.07067710570807527,0.11989436395783618
5,27,0.06444899049298516,0.07841225464285001
5,28,0.08944335140911816,0.08473879680259219
5,29,0.07008155753166218,0.10321546768288908
5,30,0.06518418909293677,0.06767373442145236
5,31,0.5614048233173163,0.08350581785481426
5,32,0.07480160974957085,0.06211746956726843
5,33,0.14055946500136934,0.08109995407315632
5,34,0.05465895889574671,0.08556045721461371
5,35,0.05801761046125384,0.09360668190270892
5,36,0.0654466764533461,0.05688857430407731
5,37,0.7404032466446825,0.08798866597366921
5,38,0.2537483595862177,0.09707617381403176
5,39,0.060785186224676706,0.06153202434861244
5,40,0.060104716433386496,0.09836704414366544
5,41,0.06857453378770739,0.06951860095091879
5,42,0.06885633882630635,0.08531381671540075
5,43,0.06846646431631642,0.11070369135620901
5,44,0.16532136759734506,0.04928637931382369
5,45,0.058040045355928355,0.07041612198779894
5,46,0.07213241619429565,0.06448334506715243
5,47,0.06720316241233806,0.08041875718143306
5,48,0.09669742937305291,0.062065360135087726
5,49,0.06049196290705591,0.07796227758843022
5,50,0.14657467907579075,0.056043150536276364
5,51,0.09174467847852284,0.07254533332057217
5,52,0.1392592786788353,0.05250077575919199
5,53,0.050833362069329605,0.09388815302376934
5,54,0.06287764345337017,0.04686773780804068
5,55,0.1524362064494288,0.03841557597627757
5,56,0.053888157795509095,0.05813643660887564
5,57,0.24436171104755308,0.06427998371984238
5,58,0.07325668459748987,0.06449030330141824
5,59,0.1154321887516623,0.05387392572947745
5,60,0.04872454699917967,0.04811606822528706
5,61,0.1058487059887994,0.03935714736466166
5,62,0.07219805224188443,0.06902873816284967
5,63,0.178698612213722,0.06266315031725972
5,64,0.04803702511223666,0.051313294917383276
5,65,0.13522388818375583,0.09700602483770797
5,66,0.08009031795956231,0.04735693376799954
5,67,0.056065791236062354,0.05265923730298885
5,68,0.09094196577083888,0.0404505779562454
5,69,0.07740500104691594,0.04053203456940989
5,70,0.06027272450806472,0.05016760189810614
5,71,0.06937934273275836,0.04753743591500956
5,72,0.04927686260545195,0.03726690891745948
5,73,0.06666091046676847,0.04641497476306434
5,74,0.05979607042861102,0.07043049257762803
5,75,0.18323023546799064,0.05894010824506377
5,76,0.05615025734886747,0.06234829538468828
5,77,0.04828831737705052,0.04670627375346933
5,78,0.055997470799338055,0.03382081882258817
5,79,0.06038035355838649,0.05463773718265279
5,80,0.046893020414660126,0.04087995146771557
5,81,0.09178087391289584,0.0742005231481078
5,82,0.11090057683842523,0.04282211085056084
5,83,0.20744819324004826,0.03653251725383267
5,84,0.049994967980631466,0.03771894913780316
5,85,0.09224978830720404,0.044464694918455866
5,86,0.0429054246343709,0.03503886119139048
5,87,0.05958622367364432,0.0425264474931529
5,88,0.0529040470572528,0.04003302030009206
5,89,0.15804945990957062,0.03763516805549962
5,90,0.1280351569940304,0.04170307942411421
5,91,0.11549996970028713,0.032578940703325725
5,92,0.08789835583987494,0.040258812461298754
5,93,0.04116296103141578,0.04857470834930702
5,94,0.06417495591446684,0.0635267828951942
5,95,0.05991904757586606,0.07614310871954987
5,96,0.1220946047620233,0.04603740907804118
5,97,0.0639179864246857,0.030746445592670577
5,98,0.2848336933281621,0.030477855388570164
5,99,0.0693285534497846,0.03420135365381432
5,100,0.07569510670277872,0.039216022934667145
5,101,0.043057051866218964,0.032439743113221876
5,102,0.0729379752806842,0.04696050616695124
5,103,0.04462444512127656,0.03290192443818206
5,104,0.04768467479445077,0.03417585494121935
5,105,0.050533860775050274,0.04541503314335968
5,106,0.09919082871798811,0.03779480889317254
5,107,0.08049670540053269,0.03156832847811125
5,108,0.13064289661904274,0.037301551383189385
5,109,0.042742918450110065,0.039259734482964596
5,110,0.08794645442457621,0.03381530649619814
5,111,0.048552049525779455,0.035360931133370695
5,112,0.12343468570650505,0.03033687605681696
5,113,0.1042377758055485,0.028385906637846476
5,114,0.04831507222112177,0.031554972956969136
5,115,0.06603907889920503,0.03900204642024512
5,116,0.059919109111055364,0.036669095952337125
5,117,0.050570608532340654,0.03063391142851148
5,118,0.061341587622911475,0.030846953572845875
5,119,0.10244419346448823,0.03166017684074412
5,120,0.04397021571330249,0.039042356746388805
5,121,0.04956489923992768,0.039813743342859066
5,122,0.042329046563268295,0.03116244119809431
5,123,0.04087866114571764,0.03308999135147966
5,124,0.05076544495492146,0.03336094994940869
5,125,0.08955056266538028,0.025721628295344655
5,126,0.04287651448414243,0.025511468458957035
5,127,0.04186971900535041,0.025001385298415658
5,128,0.038389419276138835,0.027127795316624896
5,129,0.040553690772044834,0.03206154522407186
5,130,0.050183501076228515,0.028554578841481836
5,131,0.0459790753833766,0.027466145724444252
5,132,0.04751679563867341,0.02848825751550079
5,133,0.2327189298832945,0.03482452673811739
5,134,0.038932775829005714,0.02902073828520692
5,135,0.043692460250604914,0.033760928585093226
5,136,0.10167462784668495,0.02576004928766366
5,137,0.0397988888136859,0.041886631116125755
5,138,0.04684787685501164,0.0344422853203455
5,139,0.04729352868689692,0.04913048336847187
5,140,0.050318116654316195,0.02827337872716725
5,141,0.03949343907128414,0.037992514488026846
5,142,0.039565806817538636,0.030309541599338578
5,143,0.07771984359313702,0.02888346684550921
5,144,0.05891490811344438,0.02648919634348983
5,145,0.0924152097605132,0.02936750775945682
5,146,0.03634240283754659,0.03400471095194521
5,147,0.052773391451741675,0.03400468267834893
5,148,0.03577303846775017,0.027755384421068743
5,149,0.13054146241084696,0.0286065072501666
5,150,0.045482860681752266,0.03413812486916444
5,151,0.05129675198291323,0.026954619530464147
5,152,0.03586094029284463,0.025449031747336676
5,153,0.0544149722812211,0.0440703653842746
5,154,0.06062657434144631,0.025324115294747134
5,155,0.0343735363499578,0.03537634742174349
5,156,0.03604016309888492,0.022017541804421156
5,157,0.14163137835822082,0.030776497254529446
5,158,0.04646336808433674,0.030396163010211894
5,159,0.04033857959464853,0.03649042480940113
5,160,0.04271973549879243,0.020731276425491423
5,161,0.12290993593449663,0.04120704465765045
5,162,0.03829905026651956,0.023990122745126075
5,163,0.037003268066591814,0.030567172027096006
5,164,0.036509962231287815,0.027834120181400142
5,165,0.06624069143398642,0.021526662683856983
5,166,0.0510309744864849,0.04871834578320361
5,167,0.051318837100355494,0.027647817069487796
5,168,0.08709665150771588,0.030052201220887084
5,169,0.044697192155301865,0.04388132655659567
5,170,0.03713649107611238,0.022152492478145828
5,171,0.10091850973408797,0.028652803516880314
5,172,0.2922246935038731,0.02380142175674194
5,173,0.04549139256180801,0.033984315744374216
5,174,0.1481181806971874,0.02481183680419496
5,175,0.04766605086074087,0.041054344821000725
5,176,0.03481696406975755,0.03441013440565269
5,177,0.037783715169271224,0.033549211388324826
5,178,0.03679016519503053,0.022559679052641966
5,179,0.03436264702912622,0.016814500828148875
5,180,0.3896167237770381,0.04072597262919286
5,181,0.04725854154767955,0.09545704389775622
5,182,0.0473904027213604,0.04504830700126962
5,183,0.03508240214452661,0.0363326395794906
5,184,0.0747372301488087,0.03242213594769747
5,185,0.05139912096003593,0.053872842065848525
5,186,0.04894874678016296,0.03789515128486306
5,187,0.03674129055345,0.02410063724477454
5,188,0.03559352213819626,0.026659040050002903
5,189,0.035781256056257656,0.03341518085509187
5,190,0.04395608862522494,0.05200467941668047
5,191,0.06634310865637116,0.025438240273884777
5,192,0.03537822699752347,0.03055213271115088
5,193,0.03682684915259554,0.043738082082432746
5,194,0.03448263547690631,0.025112410424503684
5,195,0.0491007464639659,0.03806071866183265
5,196,0.07021175735616332,0.025917454414822738
5,197,0.0560894871213166,0.030036549933594947
5,198,0.05095288403001912,0.05068901974579779
5,199,0.035003695365390164,0.02158024263180689
5,200,0.037946441597098785,0.01943979865277407
5,201,0.04332862969836578,0.025781204076479068
5,202,0.06025834686210003,0.0392426739959548
5,203,0.041024535923755816,0.022511561327313325
5,204,0.03864449763239311,0.019573704521718884
5,205,0.043783250711674764,0.018624130758017745
5,206,0.11872344439840082,0.023177106332907375
5,207,0.03216080657330346,0.019468738868251526
5,208,0.03637973033075262,0.028202260615521054
5,209,0.05314471483083781,0.0218866598329341
5,210,0.04437928203071279,0.021599069650186032
5,211,0.04056422397898042,0.02879756872736686
5,212,0.037690397436395656,0.021623024451768568
5,213,0.03617026801473401,0.019969142688722137
5,214,0.032791025540217976,0.024146891331798054
5,215,0.04816752841026325,0.022098316543717883
5,216,0.04161676802658682,0.02083262515561574
5,217,0.045696717183211166,0.023642243806171442
5,218,0.0605521474822695,0.019909239949906038
5,219,0.03549755621664777,0.032685273560456904
5,220,0.03148596307877543,0.04167261874028938
5,221,0.03334334527183636,0.01816514784086968
5,222,0.07883073178124546,0.023586802509899564
5,223,0.03926371302584122,0.022503046510791765
5,224,0.04169367464818978,0.023302576122275067
5,225,0.044341708055417525,0.027810139761040183
5,226,0.030941230814738815,0.023545564076513925
5,227,0.05035543683274039,0.03425640068363385
5,228,0.04820639559347641,0.02045600332124775
5,229,0.055593022560985215,0.019788528174895882
5,230,0.04011383285296374,0.02504765893317847
5,231,0.0327294491781977,0.02613470052011032
5,232,0.03322641918518273,0.016963972473873535
5,233,0.05672380747319442,0.018343168944158633
5,234,0.03257419613690065,0.02645673728483481
5,235,0.06761519896793249,0.023923115974331343
5,236,0.032011698766294956,0.02258699071713522
5,237,0.03970541565362456,0.020400451534853464
5,238,0.036089343728103074,0.029717343934396404
5,239,0.030716577546643507,0.019510509395659383
5,240,0.03503317968378513,0.018529621038725432
5,241,0.031060505907964237,0.018203752306220684
5,242,0.05202415837296124,0.017806705636182096
5,243,0.030352737020536008,0.021095030073873533
5,244,0.03393494541862328,0.018743232745445954
5,245,0.03643657898374379,0.015549028177041773
5,246,0.04477800694225457,0.034946119631442306
5,247,0.04804583228574011,0.02934904411404545
5,248,0.04604437460599862,0.016621208557903982
5,249,0.030412297538054987,0.03267537723909423
6,0,,
6,1,,
6,2,,
6,3,,
6,4,,
6,5,,
6,6,,
6,7,,
6,8,,
6,9,,
6,10,,
6,11,,
6,12,,
6,13,,
6,14,,
6,15,,
6,16,,
6,17,,
6,18,,
6,19,,
6,20,,
6,21,,
6,22,,
6,23,,
6,24,,
6,25,,
6,26,,
6,27,,
6,28,,
6,29,,
6,30,,
6,31,,
6,32,,
6,33,,
6,34,,
6,35,,
6,36,,
6,37,,
6,38,,
6,39,,
6,40,,
6,41,,
6,42,,
6,43,,
6,44,,
6,45,,
6,46,,
6,47,,
6,48,,
6,49,,
6,50,,
6,51,,
6,52,,
6,53,,
6,54,,
6,55,,
6,56,,
6,57,,
6,58,,
6,59,,
6,60,,
6,61,,
6,62,,
6,63,,
6,64,,
6,65,,
6,66,,
6,67,,
6,68,,
6,69,,
6,70,,
6,71,,
6,72,,
6,73,,
6,74,,
6,75,,
6,76,,
6,77,,
6,78,,
6,79,,
6,80,,
6,81,,
6,82,,
6,83,,
6,84,,
6,85,,
6,86,,
6,87,,
6,88,,
6,89,,
6,90,,
6,91,,
6,92,,
6,93,,
6,94,,
6,95,,
6,96,,
6,97,,
6,98,,
6,99,,
6,100,,
6,101,,
6,102,,
6,103,,
6,104,,
6,105,,
6,106,,
6,107,,
6,108,,
6,109,,
6,110,,
6,111,,
6,112,,
6,113,,
6,114,,
6,115,,
6,116,,
6,117,,
6,118,,
6,119,,
6,120,,
6,121,,
6,122,,
6,123,,
6,124,,
6,125,,
6,126,,
6,127,,
6,128,,
6,129,,
6,130,,
6,131,,
6,132,,
6,133,,
6,134,,
6,135,,
6,136,,
6,137,,
6,138,,
6,139,,
6,140,,
6,141,,
6,142,,
6,143,,
6,144,,
6,145,,
6,146,,
6,147,,
6,148,,
6,149,,
6,150,,
6,151,,
6,152,,
6,153,,
6,154,,
6,155,,
6,156,,
6,157,,
6,158,,
6,159,,
6,160,,
6,161,,
6,162,,
6,163,,
6,164,,
6,165,,
6,166,,
6,167,,
6,168,,
6,169,,
6,170,,
6,171,,
6,172,,
6,173,,
6,174,,
6,175,,
6,176,,
6,177,,
6,178,,
6,179,,
6,180,,
6,181,,
6,182,,
6,183,,
6,184,,
6,185,,
6,186,,
6,187,,
6,188,,
6,189,,
6,190,,
6,191,,
6,192,,
6,193,,
6,194,,
6,195,,
6,196,,
6,197,,
6,198,,
6,199,,
6,200,,
6,201,,
6,202,,
6,203,,
6,204,,
6,205,,
6,206,,
6,207,,
6,208,,
6,209,,
6,210,,
6,211,,
6,212,,
6,213,,
6,214,,
6,215,,
6,216,,
6,217,,
6,218,,
6,219,,
6,220,,
6,221,,
6,222,,
6,223,,
6,224,,
6,225,,
6,226,,
6,227,,
6,228,,
6,229,,
6,230,,
6,231,,
6,232,,
6,233,,
6,234,,
6,235,,
6,236,,
6,237,,
6,238,,
6,239,,
6,240,,
6,241,,
6,242,,
6,243,,
6,244,,
6,245,,
6,246,,
6,247,,
6,248,,
6,249,,
7,0,,
7,1,,
7,2,,
7,3,,
7,4,,
7,5,,
7,6,,
7,7,,
7,8,,
7,9,,
7,10,,
7,11,,
7,12,,
7,13,,
7,14,,
7,15,,
7,16,,
7,17,,
7,18,,
7,19,,
7,20,,
7,21,,
7,22,,
7,23,,
7,24,,
7,25,,
7,26,,
7,27,,
7,28,,
7,29,,
7,30,,
7,31,,
7,32,,
7,33,,
7,34,,
7,35,,
7,36,,
7,37,,
7,38,,
7,39,,
7,40,,
7,41,,
7,42,,
7,43,,
7,44,,
7,45,,
7,46,,
7,47,,
7,48,,
7,49,,
7,50,,
7,51,,
7,52,,
7,53,,
7,54,,
7,55,,
7,56,,
7,57,,
7,58,,
7,59,,
7,60,,
7,61,,
7,62,,
7,63,,
7,64,,
7,65,,
7,66,,
7,67,,
7,68,,
7,69,,
7,70,,
7,71,,
7,72,,
7,73,,
7,74,,
7,75,,
7,76,,
7,77,,
7,78,,
7,79,,
7,80,,
7,81,,
7,82,,
7,83,,
7,84,,
7,85,,
7,86,,
7,87,,
7,88,,
7,89,,
7,90,,
7,91,,
7,92,,
7,93,,
7,94,,
7,95,,
7,96,,
7,97,,
7,98,,
7,99,,
7,100,,
7,101,,
7,102,,
7,103,,
7,104,,
7,105,,
7,106,,
7,107,,
7,108,,
7,109,,
7,110,,
7,111,,
7,112,,
7,113,,
7,114,,
7,115,,
7,116,,
7,117,,
7,118,,
7,119,,
7,120,,
7,121,,
7,122,,
7,123,,
7,124,,
7,125,,
7,126,,
7,127,,
7,128,,
7,129,,
7,130,,
7,131,,
7,132,,
7,133,,
7,134,,
7,135,,
7,136,,
7,137,,
7,138,,
7,139,,
7,140,,
7,141,,
7,142,,
7,143,,
7,144,,
7,145,,
7,146,,
7,147,,
7,148,,
7,149,,
7,150,,
7,151,,
7,152,,
7,153,,
7,154,,
7,155,,
7,156,,
7,157,,
7,158,,
7,159,,
7,160,,
7,161,,
7,162,,
7,163,,
7,164,,
7,165,,
7,166,,
7,167,,
7,168,,
7,169,,
7,170,,
7,171,,
7,172,,
7,173,,
7,174,,
7,175,,
7,176,,
7,177,,
7,178,,
7,179,,
7,180,,
7,181,,
7,182,,
7,183,,
7,184,,
7,185,,
7,186,,
7,187,,
7,188,,
7,189,,
7,190,,
7,191,,
7,192,,
7,193,,
7,194,,
7,195,,
7,196,,
7,197,,
7,198,,
7,199,,
7,200,,
7,201,,
7,202,,
7,203,,
7,204,,
7,205,,
7,206,,
7,207,,
7,208,,
7,209,,
7,210,,
7,211,,
7,212,,
7,213,,
7,214,,
7,215,,
7,216,,
7,217,,
7,218,,
7,219,,
7,220,,
7,221,,
7,222,,
7,223,,
7,224,,
7,225,,
7,226,,
7,227,,
7,228,,
7,229,,
7,230,,
7,231,,
7,232,,
7,233,,
7,234,,
7,235,,
7,236,,
7,237,,
7,238,,
7,239,,
7,240,,
7,241,,
7,242,,
7,243,,
7,244,,
7,245,,
7,246,,
7,247,,
7,248,,
7,249,,
8,0,,
8,1,,
8,2,,
8,3,,
8,4,,
8,5,,
8,6,,
8,7,,
8,8,,
8,9,,
8,10,,
8,11,,
8,12,,
8,13,,
8,14,,
8,15,,
8,16,,
8,17,,
8,18,,
8,19,,
8,20,,
8,21,,
8,22,,
8,23,,
8,24,,
8,25,,
8,26,,
8,27,,
8,28,,
8,29,,
8,30,,
8,31,,
8,32,,
8,33,,
8,34,,
8,35,,
8,36,,
8,37,,
8,38,,
8,39,,
8,40,,
8,41,,
8,42,,
8,43,,
8,44,,
8,45,,
8,46,,
8,47,,
8,48,,
8,49,,
8,50,,
8,51,,
8,52,,
8,53,,
8,54,,
8,55,,
8,56,,
8,57,,
8,58,,
8,59,,
8,60,,
8,61,,
8,62,,
8,63,,
8,64,,
8,65,,
8,66,,
8,67,,
8,68,,
8,69,,
8,70,,
8,71,,
8,72,,
8,73,,
8,74,,
8,75,,
8,76,,
8,77,,
8,78,,
8,79,,
8,80,,
8,81,,
8,82,,
8,83,,
8,84,,
8,85,,
8,86,,
8,87,,
8,88,,
8,89,,
8,90,,
8,91,,
8,92,,
8,93,,
8,94,,
8,95,,
8,96,,
8,97,,
8,98,,
8,99,,
8,100,,
8,101,,
8,102,,
8,103,,
8,104,,
8,105,,
8,106,,
8,107,,
8,108,,
8,109,,
8,110,,
8,111,,
8,112,,
8,113,,
8,114,,
8,115,,
8,116,,
8,117,,
8,118,,
8,119,,
8,120,,
8,121,,
8,122,,
8,123,,
8,124,,
8,125,,
8,126,,
8,127,,
8,128,,
8,129,,
8,130,,
8,131,,
8,132,,
8,133,,
8,134,,
8,135,,
8,136,,
8,137,,
8,138,,
8,139,,
8,140,,
8,141,,
8,142,,
8,143,,
8,144,,
8,145,,
8,146,,
8,147,,
8,148,,
8,149,,
8,150,,
8,151,,
8,152,,
8,153,,
8,154,,
8,155,,
8,156,,
8,157,,
8,158,,
8,159,,
8,160,,
8,161,,
8,162,,
8,163,,
8,164,,
8,165,,
8,166,,
8,167,,
8,168,,
8,169,,
8,170,,
8,171,,
8,172,,
8,173,,
8,174,,
8,175,,
8,176,,
8,177,,
8,178,,
8,179,,
8,180,,
8,181,,
8,182,,
8,183,,
8,184,,
8,185,,
8,186,,
8,187,,
8,188,,
8,189,,
8,190,,
8,191,,
8,192,,
8,193,,
8,194,,
8,195,,
8,196,,
8,197,,
8,198,,
8,199,,
8,200,,
8,201,,
8,202,,
8,203,,
8,204,,
8,205,,
8,206,,
8,207,,
8,208,,
8,209,,
8,210,,
8,211,,
8,212,,
8,213,,
8,214,,
8,215,,
8,216,,
8,217,,
8,218,,
8,219,,
8,220,,
8,221,,
8,222,,
8,223,,
8,224,,
8,225,,
8,226,,
8,227,,
8,228,,
8,229,,
8,230,,
8,231,,
8,232,,
8,233,,
8,234,,
8,235,,
8,236,,
8,237,,
8,238,,
8,239,,
8,240,,
8,241,,
8,242,,
8,243,,
8,244,,
8,245,,
8,246,,
8,247,,
8,248,,
8,249,,
9,0,,
9,1,,
9,2,,
9,3,,
9,4,,
9,5,,
9,6,,
9,7,,
9,8,,
9,9,,
9,10,,
9,11,,
9,12,,
9,13,,
9,14,,
9,15,,
9,16,,
9,17,,
9,18,,
9,19,,
9,20,,
9,21,,
9,22,,
9,23,,
9,24,,
9,25,,
9,26,,
9,27,,
9,28,,
9,29,,
9,30,,
9,31,,
9,32,,
9,33,,
9,34,,
9,35,,
9,36,,
9,37,,
9,38,,
9,39,,
9,40,,
9,41,,
9,42,,
9,43,,
9,44,,
9,45,,
9,46,,
9,47,,
9,48,,
9,49,,
9,50,,
9,51,,
9,52,,
9,53,,
9,54,,
9,55,,
9,56,,
9,57,,
9,58,,
9,59,,
9,60,,
9,61,,
9,62,,
9,63,,
9,64,,
9,65,,
9,66,,
9,67,,
9,68,,
9,69,,
9,70,,
9,71,,
9,72,,
9,73,,
9,74,,
9,75,,
9,76,,
9,77,,
9,78,,
9,79,,
9,80,,
9,81,,
9,82,,
9,83,,
9,84,,
9,85,,
9,86,,
9,87,,
9,88,,
9,89,,
9,90,,
9,91,,
9,92,,
9,93,,
9,94,,
9,95,,
9,96,,
9,97,,
9,98,,
9,99,,
9,100,,
9,101,,
9,102,,
9,103,,
9,104,,
9,105,,
9,106,,
9,107,,
9,108,,
9,109,,
9,110,,
9,111,,
9,112,,
9,113,,
9,114,,
9,115,,
9,116,,
9,117,,
9,118,,
9,119,,
9,120,,
9,121,,
9,122,,
9,123,,
9,124,,
9,125,,
9,126,,
9,127,,
9,128,,
9,129,,
9,130,,
9,131,,
9,132,,
9,133,,
9,134,,
9,135,,
9,136,,
9,137,,
9,138,,
9,139,,
9,140,,
9,141,,
9,142,,
9,143,,
9,144,,
9,145,,
9,146,,
9,147,,
9,148,,
9,149,,
9,150,,
9,151,,
9,152,,
9,153,,
9,154,,
9,155,,
9,156,,
9,157,,
9,158,,
9,159,,
9,160,,
9,161,,
9,162,,
9,163,,
9,164,,
9,165,,
9,166,,
9,167,,
9,168,,
9,169,,
9,170,,
9,171,,
9,172,,
9,173,,
9,174,,
9,175,,
9,176,,
9,177,,
9,178,,
9,179,,
9,180,,
9,181,,
9,182,,
9,183,,
9,184,,
9,185,,
9,186,,
9,187,,
9,188,,
9,189,,
9,190,,
9,191,,
9,192,,
9,193,,
9,194,,
9,195,,
9,196,,
9,197,,
9,198,,
9,199,,
9,200,,
9,201,,
9,202,,
9,203,,
9,204,,
9,205,,
9,206,,
9,207,,
9,208,,
9,209,,
9,210,,
9,211,,
9,212,,
9,213,,
9,214,,
9,215,,
9,216,,
9,217,,
9,218,,
9,219,,
9,220,,
9,221,,
9,222,,
9,223,,
9,224,,
9,225,,
9,226,,
9,227,,
9,228,,
9,229,,
9,230,,
9,231,,
9,232,,
9,233,,
9,234,,
9,235,,
9,236,,
9,237,,
9,238,,
9,239,,
9,240,,
9,241,,
9,242,,
9,243,,
9,244,,
9,245,,
9,246,,
9,247,,
9,248,,
9,249,,
